Sample_Type,Genes,Log_Fold_Expression
CRC,GAPDH,0
CRC,GAPDH,0
CRC,GAPDH,0
CRC,GAPDH,0
CRC,GAPDH,0
CRC,GAPDH,0
CRC,GAPDH,0
CRC,GAPDH,0
CRC,GAPDH,0
CRC,GAPDH,0
CRC,GAPDH,0
CRC,GAPDH,0
CRC,GAPDH,0
CRC,GAPDH,0
CRC,GAPDH,0
CRC,GAPDH,0
CRC,GAPDH,0
CRC,GAPDH,0
CRC,GAPDH,0
CRC,GAPDH,0
CRC,GAPDH,0
CRC,GAPDH,0
CRC,GAPDH,0
CRC,GAPDH,0
CRC,GAPDH,0
CRC,GAPDH,0
CRC,GAPDH,0
CRC,GAPDH,0
CRC,GAPDH,0
CRC,GAPDH,0
CRC,GAPDH,0
CRC,GAPDH,0
CRC,GAPDH,0
AA,GAPDH,0
AA,GAPDH,0
AA,GAPDH,0
AA,GAPDH,0
AA,GAPDH,0
AA,GAPDH,0
AA,GAPDH,0
AA,GAPDH,0
AA,GAPDH,0
AA,GAPDH,0
AA,GAPDH,0
AA,GAPDH,0
AA,GAPDH,0
AA,GAPDH,0
AA,GAPDH,0
AA,GAPDH,0
AA,GAPDH,0
AA,GAPDH,0
AA,GAPDH,0
AA,GAPDH,0
AA,GAPDH,0
AA,GAPDH,0
AA,GAPDH,0
AA,GAPDH,0
AA,GAPDH,0
AA,GAPDH,0
AA,GAPDH,0
AA,GAPDH,0
Col_Neg,GAPDH,0
Col_Neg,GAPDH,0
Col_Neg,GAPDH,0
Col_Neg,GAPDH,0
Col_Neg,GAPDH,0
Col_Neg,GAPDH,0
Col_Neg,GAPDH,0
Col_Neg,GAPDH,0
Col_Neg,GAPDH,0
Col_Neg,GAPDH,0
Col_Neg,GAPDH,0
Col_Neg,GAPDH,0
Col_Neg,GAPDH,0
Col_Neg,GAPDH,0
Col_Neg,GAPDH,0
Col_Neg,GAPDH,0
Col_Neg,GAPDH,0
Col_Neg,GAPDH,0
CON,GAPDH,0
CON,GAPDH,0
CON,GAPDH,0
CON,GAPDH,0
CON,GAPDH,0
CON,GAPDH,0
CON,GAPDH,0
CON,GAPDH,0
CON,GAPDH,0
CON,GAPDH,0
CON,GAPDH,0
CON,GAPDH,0
CON,GAPDH,0
CON,GAPDH,0
CON,GAPDH,0
CON,GAPDH,0
CON,GAPDH,0
CON,GAPDH,0
CON,GAPDH,0
CON,GAPDH,0
CON,GAPDH,0
CON,GAPDH,0
CON,GAPDH,0
CON,GAPDH,0
CON,GAPDH,0
CON,GAPDH,0
CON,GAPDH,0
CON,GAPDH,0
CON,GAPDH,0
CON,GAPDH,0
CON,GAPDH,0
CON,GAPDH,0
CON,GAPDH,0
CON,GAPDH,0
CON,GAPDH,0
CRC,TGFBI,0.381230949307968
CRC,TGFBI,0
CRC,TGFBI,0.970406052783925
CRC,TGFBI,1.79525119765026
CRC,TGFBI,-0.977337524589523
CRC,TGFBI,-2.99439582001896
CRC,TGFBI,1.2130075659799
CRC,TGFBI,-2.5507816244606
CRC,TGFBI,-2.20420803418063
CRC,TGFBI,-0.817913673060735
CRC,TGFBI,-0.713941595976742
CRC,TGFBI,-0.700078652365546
CRC,TGFBI,-0.110903548889594
CRC,TGFBI,-1.58037557167668
CRC,TGFBI,0.790187785838338
CRC,TGFBI,-1.58730704348228
CRC,TGFBI,0.679284236948744
CRC,TGFBI,-2.79338313765658
CRC,TGFBI,0.845639560283132
CRC,TGFBI,-2.5854389834886
CRC,TGFBI,0.713941595976744
CRC,TGFBI,1.53878674084308
CRC,TGFBI,2.5161242654326
CRC,TGFBI,2.543850152655
CRC,TGFBI,-1.3793628893143
CRC,TGFBI,-1.2684593404247
CRC,TGFBI,40
CRC,TGFBI,-1.3100481712583
CRC,TGFBI,1.08824107347911
CRC,TGFBI,1.77445678223346
CRC,TGFBI,40
CRC,TGFBI,0.291121815835176
CRC,TGFBI,0.37429947750237
AA,TGFBI,40
AA,TGFBI,40
AA,TGFBI,-0.214875625973585
AA,TGFBI,2.34283747029261
AA,TGFBI,-0.914954278339128
AA,TGFBI,40
AA,TGFBI,-2.5646445680718
AA,TGFBI,-2.82804049668458
AA,TGFBI,-2.04478418265184
AA,TGFBI,40
AA,TGFBI,-1.73979942320546
AA,TGFBI,40
AA,TGFBI,-2.44249065417535e-15
AA,TGFBI,0.152492379723185
AA,TGFBI,-0.762461898615941
AA,TGFBI,-3.8469668521077
AA,TGFBI,-1.90615474653985
AA,TGFBI,-1.2476649250079
AA,TGFBI,-0.15249237972319
AA,TGFBI,-2.5854389834886
AA,TGFBI,-1.96853799279024
AA,TGFBI,40
AA,TGFBI,40
AA,TGFBI,40
AA,TGFBI,-0.727804539587943
AA,TGFBI,0.325779174863174
AA,TGFBI,-2.16261920334703
AA,TGFBI,-0.838708088477537
Col_Neg,TGFBI,40
Col_Neg,TGFBI,40
Col_Neg,TGFBI,-3.43801001557733
Col_Neg,TGFBI,40
Col_Neg,TGFBI,-2.08637301348543
Col_Neg,TGFBI,40
Col_Neg,TGFBI,-2.86269785571258
Col_Neg,TGFBI,40
Col_Neg,TGFBI,-1.11596696070151
Col_Neg,TGFBI,40
Col_Neg,TGFBI,40
Col_Neg,TGFBI,-1.18528167875751
Col_Neg,TGFBI,-2.5646445680718
Col_Neg,TGFBI,40
Col_Neg,TGFBI,-1.67741617695507
Col_Neg,TGFBI,40
Col_Neg,TGFBI,-2.39828924473741
Col_Neg,TGFBI,-2.73793136321178
CON,TGFBI,-0.99813194000632
CON,TGFBI,-3.43107854377173
CON,TGFBI,-3.16768261515895
CON,TGFBI,-3.53505062085572
CON,TGFBI,-2.00319535181824
CON,TGFBI,-2.01012682362384
CON,TGFBI,40
CON,TGFBI,40
CON,TGFBI,40
CON,TGFBI,-1.51799232542628
CON,TGFBI,-2.37749482932061
CON,TGFBI,-2.34283747029261
CON,TGFBI,-1.92694916195665
CON,TGFBI,-1.98240093640145
CON,TGFBI,-3.06371053807496
CON,TGFBI,40
CON,TGFBI,-2.03785271084624
CON,TGFBI,-1.35163700209189
CON,TGFBI,-1.49719791000948
CON,TGFBI,40
CON,TGFBI,-1.54571821264868
CON,TGFBI,40
CON,TGFBI,40
CON,TGFBI,40
CON,TGFBI,40
CON,TGFBI,-0.0970406052783902
CON,TGFBI,-1.62196440251027
CON,TGFBI,-1.80911414126146
CON,TGFBI,40
CON,TGFBI,0.0277258872223948
CON,TGFBI,-2.01012682362384
CON,TGFBI,40
CON,TGFBI,40
CON,TGFBI,-1.31004817125829
CON,TGFBI,40
CRC,RPS10,-0.21487562597358
CRC,RPS10,-0.69314718055994
CRC,RPS10,3.20233997418695
CRC,RPS10,0.589175103475959
CRC,RPS10,-0.838708088477529
CRC,RPS10,0.0277258872224022
CRC,RPS10,-0.117835020695187
CRC,RPS10,-0.693147180559943
CRC,RPS10,0.977337524589525
CRC,RPS10,0.228738569584783
CRC,RPS10,-1.2476649250079
CRC,RPS10,-1.45560907917588
CRC,RPS10,-0.672352765143144
CRC,RPS10,0.325779174863176
CRC,RPS10,0.838708088477537
CRC,RPS10,-0.103972077083991
CRC,RPS10,-1.42095172014788
CRC,RPS10,-3.18154555877014
CRC,RPS10,-0.658489821531945
CRC,RPS10,3.05677906626936
CRC,RPS10,1.65662176153827
CRC,RPS10,-0.0415888308335934
CRC,RPS10,0.658489821531952
CRC,RPS10,0.0970406052783927
CRC,RPS10,0
CRC,RPS10,40
CRC,RPS10,40
CRC,RPS10,40
CRC,RPS10,0.110903548889594
CRC,RPS10,0.291121815835178
CRC,RPS10,40
CRC,RPS10,0.589175103475957
CRC,RPS10,-0.651558349726342
AA,RPS10,1.14369284792391
AA,RPS10,40
AA,RPS10,-1.42788319195349
AA,RPS10,1.55264968445428
AA,RPS10,1.64969028973267
AA,RPS10,-0.242601513195979
AA,RPS10,-0.797119257643934
AA,RPS10,0.304984759446379
AA,RPS10,0.429751251947167
AA,RPS10,6.61262410254188
AA,RPS10,-1.60810145889907
AA,RPS10,0.069314718055998
AA,RPS10,-1.40708877653668
AA,RPS10,-0.914954278339123
AA,RPS10,0.65155834972635
AA,RPS10,-2.08637301348543
AA,RPS10,0.277258872223984
AA,RPS10,2.51612426543261
AA,RPS10,-0.00693147180559317
AA,RPS10,-0.824845144866333
AA,RPS10,0.339642118474377
AA,RPS10,40
AA,RPS10,40
AA,RPS10,40
AA,RPS10,1.19221315056311
AA,RPS10,2.30818011126462
AA,RPS10,-0.374299477502365
AA,RPS10,0.637695406115151
Col_Neg,RPS10,40
Col_Neg,RPS10,0.478271554586366
Col_Neg,RPS10,0.429751251947169
Col_Neg,RPS10,40
Col_Neg,RPS10,-0.852571032088728
Col_Neg,RPS10,40
Col_Neg,RPS10,1.3031166994527
Col_Neg,RPS10,40
Col_Neg,RPS10,0.526791857225559
Col_Neg,RPS10,-0.110903548889586
Col_Neg,RPS10,40
Col_Neg,RPS10,0.783256314032742
Col_Neg,RPS10,1.3239111148695
Col_Neg,RPS10,40
Col_Neg,RPS10,0.270327400418382
Col_Neg,RPS10,-0.145560907917584
Col_Neg,RPS10,-0.235670041390379
Col_Neg,RPS10,-0.880296919311128
CON,RPS10,40
CON,RPS10,1.59423851528788
CON,RPS10,-1.30311669945269
CON,RPS10,-0.0138629436111962
CON,RPS10,0.505997441808765
CON,RPS10,-0.256464456807176
CON,RPS10,-0.49906597000316
CON,RPS10,0.956543109172729
CON,RPS10,40
CON,RPS10,0.311916231251977
CON,RPS10,-0.367368005696767
CON,RPS10,0.644626877920754
CON,RPS10,1.10903548889592
CON,RPS10,0.623832462503955
CON,RPS10,-1.46254055098148
CON,RPS10,1.12982990431272
CON,RPS10,-0.700078652365543
CON,RPS10,0.0693147180559955
CON,RPS10,-0.159423851528783
CON,RPS10,-0.152492379723182
CON,RPS10,40
CON,RPS10,40
CON,RPS10,2.07944154167984
CON,RPS10,-0.152492379723182
CON,RPS10,-0.0554517744447945
CON,RPS10,2.36363188570942
CON,RPS10,2.03785271084624
CON,RPS10,-0.422819780141564
CON,RPS10,0.471340082780768
CON,RPS10,-0.166355323334383
CON,RPS10,0.221807097779185
CON,RPS10,-0.0762461898615911
CON,RPS10,40
CON,RPS10,1.19914462236871
CON,RPS10,40
CRC,CEMIP,-0.568380688059158
CRC,CEMIP,-1.83684002848386
CRC,CEMIP,40
CRC,CEMIP,1.53878674084308
CRC,CEMIP,0.0762461898615911
CRC,CEMIP,40
CRC,CEMIP,1.05358371445112
CRC,CEMIP,40
CRC,CEMIP,-0.75553042681034
CRC,CEMIP,40
CRC,CEMIP,-0.0415888308335958
CRC,CEMIP,40
CRC,CEMIP,40
CRC,CEMIP,-0.963474580978324
CRC,CEMIP,1.42095172014789
CRC,CEMIP,40
CRC,CEMIP,-0.173286795139986
CRC,CEMIP,40
CRC,CEMIP,0.0901091334727898
CRC,CEMIP,40
CRC,CEMIP,40
CRC,CEMIP,-1.21300756597991
CRC,CEMIP,0.817913673060735
CRC,CEMIP,0.672352765143144
CRC,CEMIP,40
CRC,CEMIP,40
CRC,CEMIP,40
CRC,CEMIP,40
CRC,CEMIP,40
CRC,CEMIP,0.0415888308335959
CRC,CEMIP,40
CRC,CEMIP,40
CRC,CEMIP,-1.33084258667509
AA,CEMIP,40
AA,CEMIP,40
AA,CEMIP,-0.707010124171146
AA,CEMIP,1.82990855667825
AA,CEMIP,-0.194081210556786
AA,CEMIP,-0.318847703057575
AA,CEMIP,40
AA,CEMIP,40
AA,CEMIP,-1.45560907917589
AA,CEMIP,40
AA,CEMIP,40
AA,CEMIP,40
AA,CEMIP,40
AA,CEMIP,40
AA,CEMIP,40
AA,CEMIP,40
AA,CEMIP,40
AA,CEMIP,1.08824107347911
AA,CEMIP,0.478271554586363
AA,CEMIP,40
AA,CEMIP,40
AA,CEMIP,40
AA,CEMIP,40
AA,CEMIP,40
AA,CEMIP,40
AA,CEMIP,40
AA,CEMIP,40
AA,CEMIP,-0.866433975699934
Col_Neg,CEMIP,40
Col_Neg,CEMIP,40
Col_Neg,CEMIP,40
Col_Neg,CEMIP,40
Col_Neg,CEMIP,40
Col_Neg,CEMIP,40
Col_Neg,CEMIP,40
Col_Neg,CEMIP,40
Col_Neg,CEMIP,40
Col_Neg,CEMIP,40
Col_Neg,CEMIP,40
Col_Neg,CEMIP,40
Col_Neg,CEMIP,40
Col_Neg,CEMIP,40
Col_Neg,CEMIP,40
Col_Neg,CEMIP,40
Col_Neg,CEMIP,40
Col_Neg,CEMIP,40
CON,CEMIP,40
CON,CEMIP,40
CON,CEMIP,40
CON,CEMIP,40
CON,CEMIP,40
CON,CEMIP,40
CON,CEMIP,40
CON,CEMIP,40
CON,CEMIP,40
CON,CEMIP,40
CON,CEMIP,40
CON,CEMIP,40
CON,CEMIP,40
CON,CEMIP,40
CON,CEMIP,40
CON,CEMIP,40
CON,CEMIP,40
CON,CEMIP,40
CON,CEMIP,40
CON,CEMIP,40
CON,CEMIP,40
CON,CEMIP,40
CON,CEMIP,40
CON,CEMIP,40
CON,CEMIP,40
CON,CEMIP,40
CON,CEMIP,40
CON,CEMIP,40
CON,CEMIP,40
CON,CEMIP,0.22180709777918
CON,CEMIP,40
CON,CEMIP,40
CON,CEMIP,40
CON,CEMIP,40
CON,CEMIP,40
CRC,SLCO4A1,0.970406052783922
CRC,SLCO4A1,40
CRC,SLCO4A1,40
CRC,SLCO4A1,2.26659128043102
CRC,SLCO4A1,0.540654800836758
CRC,SLCO4A1,0
CRC,SLCO4A1,-0.145560907917584
CRC,SLCO4A1,40
CRC,SLCO4A1,40
CRC,SLCO4A1,40
CRC,SLCO4A1,40
CRC,SLCO4A1,40
CRC,SLCO4A1,40
CRC,SLCO4A1,-1.13676137611831
CRC,SLCO4A1,1.3239111148695
CRC,SLCO4A1,40
CRC,SLCO4A1,0.665421293337546
CRC,SLCO4A1,40
CRC,SLCO4A1,-0.75553042681034
CRC,SLCO4A1,40
CRC,SLCO4A1,40
CRC,SLCO4A1,-0.686215708754347
CRC,SLCO4A1,-0.547586272642354
CRC,SLCO4A1,-0.616900990698352
CRC,SLCO4A1,40
CRC,SLCO4A1,40
CRC,SLCO4A1,40
CRC,SLCO4A1,40
CRC,SLCO4A1,0.561449216253557
CRC,SLCO4A1,0.117835020695192
CRC,SLCO4A1,40
CRC,SLCO4A1,40
CRC,SLCO4A1,-0.96347458097832
AA,SLCO4A1,2.38442630112621
AA,SLCO4A1,40
AA,SLCO4A1,40
AA,SLCO4A1,0.505997441808763
AA,SLCO4A1,40
AA,SLCO4A1,40
AA,SLCO4A1,40
AA,SLCO4A1,40
AA,SLCO4A1,0.173286795139989
AA,SLCO4A1,3.89548715474689
AA,SLCO4A1,40
AA,SLCO4A1,40
AA,SLCO4A1,40
AA,SLCO4A1,40
AA,SLCO4A1,40
AA,SLCO4A1,40
AA,SLCO4A1,40
AA,SLCO4A1,40
AA,SLCO4A1,40
AA,SLCO4A1,40
AA,SLCO4A1,40
AA,SLCO4A1,40
AA,SLCO4A1,40
AA,SLCO4A1,40
AA,SLCO4A1,40
AA,SLCO4A1,40
AA,SLCO4A1,40
AA,SLCO4A1,-1.12289843250711
Col_Neg,SLCO4A1,40
Col_Neg,SLCO4A1,40
Col_Neg,SLCO4A1,40
Col_Neg,SLCO4A1,40
Col_Neg,SLCO4A1,40
Col_Neg,SLCO4A1,40
Col_Neg,SLCO4A1,40
Col_Neg,SLCO4A1,40
Col_Neg,SLCO4A1,40
Col_Neg,SLCO4A1,40
Col_Neg,SLCO4A1,40
Col_Neg,SLCO4A1,40
Col_Neg,SLCO4A1,40
Col_Neg,SLCO4A1,40
Col_Neg,SLCO4A1,40
Col_Neg,SLCO4A1,40
Col_Neg,SLCO4A1,40
Col_Neg,SLCO4A1,0.894159862922329
CON,SLCO4A1,40
CON,SLCO4A1,-0.367368005696772
CON,SLCO4A1,40
CON,SLCO4A1,0.512928913614361
CON,SLCO4A1,40
CON,SLCO4A1,-0.575312159864751
CON,SLCO4A1,40
CON,SLCO4A1,40
CON,SLCO4A1,40
CON,SLCO4A1,40
CON,SLCO4A1,40
CON,SLCO4A1,40
CON,SLCO4A1,40
CON,SLCO4A1,40
CON,SLCO4A1,40
CON,SLCO4A1,40
CON,SLCO4A1,40
CON,SLCO4A1,40
CON,SLCO4A1,40
CON,SLCO4A1,40
CON,SLCO4A1,40
CON,SLCO4A1,40
CON,SLCO4A1,40
CON,SLCO4A1,40
CON,SLCO4A1,40
CON,SLCO4A1,40
CON,SLCO4A1,40
CON,SLCO4A1,40
CON,SLCO4A1,40
CON,SLCO4A1,40
CON,SLCO4A1,40
CON,SLCO4A1,40
CON,SLCO4A1,40
CON,SLCO4A1,40
CON,SLCO4A1,40
CRC,MMP11,-1.68434764876066
CRC,MMP11,-0.367368005696769
CRC,MMP11,40
CRC,MMP11,1.69127912056627
CRC,MMP11,40
CRC,MMP11,40
CRC,MMP11,0.93574869375593
CRC,MMP11,40
CRC,MMP11,40
CRC,MMP11,40
CRC,MMP11,40
CRC,MMP11,-1.78831972584466
CRC,MMP11,40
CRC,MMP11,40
CRC,MMP11,40
CRC,MMP11,40
CRC,MMP11,0.776324842227142
CRC,MMP11,40
CRC,MMP11,-0.443614195558365
CRC,MMP11,40
CRC,MMP11,40
CRC,MMP11,0.928817221950329
CRC,MMP11,0
CRC,MMP11,40
CRC,MMP11,40
CRC,MMP11,40
CRC,MMP11,40
CRC,MMP11,40
CRC,MMP11,40
CRC,MMP11,0.693147180559948
CRC,MMP11,40
CRC,MMP11,40
CRC,MMP11,-0.561449216253555
AA,MMP11,40
AA,MMP11,40
AA,MMP11,40
AA,MMP11,0.65155834972635
AA,MMP11,40
AA,MMP11,40
AA,MMP11,40
AA,MMP11,40
AA,MMP11,40
AA,MMP11,40
AA,MMP11,40
AA,MMP11,40
AA,MMP11,40
AA,MMP11,40
AA,MMP11,40
AA,MMP11,40
AA,MMP11,40
AA,MMP11,40
AA,MMP11,40
AA,MMP11,40
AA,MMP11,40
AA,MMP11,40
AA,MMP11,40
AA,MMP11,40
AA,MMP11,40
AA,MMP11,40
AA,MMP11,40
AA,MMP11,0.457477139169564
Col_Neg,MMP11,40
Col_Neg,MMP11,40
Col_Neg,MMP11,40
Col_Neg,MMP11,40
Col_Neg,MMP11,40
Col_Neg,MMP11,40
Col_Neg,MMP11,40
Col_Neg,MMP11,40
Col_Neg,MMP11,40
Col_Neg,MMP11,40
Col_Neg,MMP11,40
Col_Neg,MMP11,40
Col_Neg,MMP11,40
Col_Neg,MMP11,40
Col_Neg,MMP11,40
Col_Neg,MMP11,40
Col_Neg,MMP11,40
Col_Neg,MMP11,40
CON,MMP11,40
CON,MMP11,40
CON,MMP11,40
CON,MMP11,40
CON,MMP11,40
CON,MMP11,40
CON,MMP11,40
CON,MMP11,40
CON,MMP11,40
CON,MMP11,40
CON,MMP11,40
CON,MMP11,40
CON,MMP11,40
CON,MMP11,40
CON,MMP11,40
CON,MMP11,40
CON,MMP11,40
CON,MMP11,40
CON,MMP11,40
CON,MMP11,40
CON,MMP11,40
CON,MMP11,40
CON,MMP11,40
CON,MMP11,40
CON,MMP11,40
CON,MMP11,40
CON,MMP11,40
CON,MMP11,40
CON,MMP11,40
CON,MMP11,2.77952019404538
CON,MMP11,40
CON,MMP11,40
CON,MMP11,40
CON,MMP11,40
CON,MMP11,40
CRC,GDF15,0.232204305487582
CRC,GDF15,-0.343107854377171
CRC,GDF15,40
CRC,GDF15,0.509463177711562
CRC,GDF15,0.149026643820388
CRC,GDF15,-1.07091239396511
CRC,GDF15,0.384696685210772
CRC,GDF15,40
CRC,GDF15,40
CRC,GDF15,0.225272833681984
CRC,GDF15,40
CRC,GDF15,40
CRC,GDF15,40
CRC,GDF15,-1.2788565481331
CRC,GDF15,0.426285516044368
CRC,GDF15,40
CRC,GDF15,0.065848982153194
CRC,GDF15,40
CRC,GDF15,-0.065848982153194
CRC,GDF15,40
CRC,GDF15,40
CRC,GDF15,40
CRC,GDF15,40
CRC,GDF15,40
CRC,GDF15,40
CRC,GDF15,40
CRC,GDF15,40
CRC,GDF15,40
CRC,GDF15,40
CRC,GDF15,-0.474805818683562
CRC,GDF15,40
CRC,GDF15,-0.169821059237187
CRC,GDF15,-0.897625598825128
AA,GDF15,0.405491100627569
AA,GDF15,40
AA,GDF15,40
AA,GDF15,0.544120536739557
AA,GDF15,40
AA,GDF15,40
AA,GDF15,40
AA,GDF15,40
AA,GDF15,40
AA,GDF15,40
AA,GDF15,40
AA,GDF15,40
AA,GDF15,40
AA,GDF15,40
AA,GDF15,40
AA,GDF15,-0.883762655213929
AA,GDF15,40
AA,GDF15,40
AA,GDF15,40
AA,GDF15,40
AA,GDF15,40
AA,GDF15,40
AA,GDF15,40
AA,GDF15,40
AA,GDF15,40
AA,GDF15,40
AA,GDF15,40
AA,GDF15,40
Col_Neg,GDF15,40
Col_Neg,GDF15,40
Col_Neg,GDF15,40
Col_Neg,GDF15,40
Col_Neg,GDF15,40
Col_Neg,GDF15,40
Col_Neg,GDF15,40
Col_Neg,GDF15,40
Col_Neg,GDF15,40
Col_Neg,GDF15,40
Col_Neg,GDF15,40
Col_Neg,GDF15,40
Col_Neg,GDF15,40
Col_Neg,GDF15,40
Col_Neg,GDF15,40
Col_Neg,GDF15,40
Col_Neg,GDF15,40
Col_Neg,GDF15,40
CON,GDF15,40
CON,GDF15,40
CON,GDF15,40
CON,GDF15,40
CON,GDF15,40
CON,GDF15,40
CON,GDF15,40
CON,GDF15,40
CON,GDF15,40
CON,GDF15,40
CON,GDF15,40
CON,GDF15,40
CON,GDF15,40
CON,GDF15,40
CON,GDF15,1.73633368730266
CON,GDF15,40
CON,GDF15,40
CON,GDF15,40
CON,GDF15,40
CON,GDF15,40
CON,GDF15,40
CON,GDF15,40
CON,GDF15,40
CON,GDF15,40
CON,GDF15,40
CON,GDF15,40
CON,GDF15,40
CON,GDF15,0.64116114201795
CON,GDF15,40
CON,GDF15,40
CON,GDF15,40
CON,GDF15,40
CON,GDF15,40
CON,GDF15,40
CON,GDF15,40
CRC,ETV4,-0.547586272642359
CRC,ETV4,-0.415888308335966
CRC,ETV4,40
CRC,ETV4,1.60116998709347
CRC,ETV4,0.22180709777918
CRC,ETV4,40
CRC,ETV4,0.949611637367126
CRC,ETV4,-0.672352765143151
CRC,ETV4,-2.5299872090438
CRC,ETV4,0
CRC,ETV4,0.672352765143149
CRC,ETV4,-2.16261920334703
CRC,ETV4,-0.450545667363968
CRC,ETV4,-2.40522071654301
CRC,ETV4,0.582243631670352
CRC,ETV4,40
CRC,ETV4,0.0970406052783879
CRC,ETV4,-0.921885750144731
CRC,ETV4,0.0970406052783903
CRC,ETV4,-1.63582734612147
CRC,ETV4,40
CRC,ETV4,0.47134008278076
CRC,ETV4,-0.263395928612781
CRC,ETV4,0.665421293337546
CRC,ETV4,0.242601513195979
CRC,ETV4,-0.291121815835178
CRC,ETV4,0.894159862922329
CRC,ETV4,40
CRC,ETV4,-2.19727656237503
CRC,ETV4,0.0623832462503925
CRC,ETV4,40
CRC,ETV4,-0.436682723752767
CRC,ETV4,0.221807097779183
AA,ETV4,40
AA,ETV4,40
AA,ETV4,-1.94774357737345
AA,ETV4,0.291121815835176
AA,ETV4,-1.3447055302863
AA,ETV4,40
AA,ETV4,-2.28045422404222
AA,ETV4,40
AA,ETV4,-2.00319535181824
AA,ETV4,40
AA,ETV4,-2.82110902487898
AA,ETV4,-0.450545667363968
AA,ETV4,-0.908022806533532
AA,ETV4,-1.55264968445428
AA,ETV4,40
AA,ETV4,-1.98933240820704
AA,ETV4,40
AA,ETV4,40
AA,ETV4,40
AA,ETV4,-0.901091334727929
AA,ETV4,40
AA,ETV4,40
AA,ETV4,40
AA,ETV4,40
AA,ETV4,-0.970406052783925
AA,ETV4,-1.21993903778551
AA,ETV4,-1.89922327473425
AA,ETV4,-1.45560907917589
Col_Neg,ETV4,40
Col_Neg,ETV4,-1.2407334532023
Col_Neg,ETV4,40
Col_Neg,ETV4,40
Col_Neg,ETV4,40
Col_Neg,ETV4,40
Col_Neg,ETV4,40
Col_Neg,ETV4,40
Col_Neg,ETV4,-0.831776616671936
Col_Neg,ETV4,-0.298053287640776
Col_Neg,ETV4,40
Col_Neg,ETV4,0.0277258872223972
Col_Neg,ETV4,40
Col_Neg,ETV4,40
Col_Neg,ETV4,40
Col_Neg,ETV4,40
Col_Neg,ETV4,40
Col_Neg,ETV4,-1.08824107347912
CON,ETV4,40
CON,ETV4,-2.05171565445744
CON,ETV4,40
CON,ETV4,-1.78138825403906
CON,ETV4,40
CON,ETV4,40
CON,ETV4,40
CON,ETV4,0.0415888308335933
CON,ETV4,40
CON,ETV4,40
CON,ETV4,-2.04478418265184
CON,ETV4,40
CON,ETV4,40
CON,ETV4,40
CON,ETV4,-3.04984759446376
CON,ETV4,40
CON,ETV4,40
CON,ETV4,40
CON,ETV4,40
CON,ETV4,-0.998131940006322
CON,ETV4,40
CON,ETV4,-0.582243631670354
CON,ETV4,-1.02585782722872
CON,ETV4,40
CON,ETV4,40
CON,ETV4,40
CON,ETV4,40
CON,ETV4,-2.42601513195981
CON,ETV4,40
CON,ETV4,0.804050729449537
CON,ETV4,40
CON,ETV4,-0.103972077083991
CON,ETV4,40
CON,ETV4,-0.145560907917587
CON,ETV4,40
CRC,NME2,-0.810982201255137
CRC,NME2,-1.55264968445428
CRC,NME2,2.01705829542944
CRC,NME2,0
CRC,NME2,0.644626877920749
CRC,NME2,-1.69821059237187
CRC,NME2,-0.0415888308335958
CRC,NME2,-0.700078652365548
CRC,NME2,-0.956543109172726
CRC,NME2,0.88029691931113
CRC,NME2,-0.367368005696772
CRC,NME2,-0.388162421113568
CRC,NME2,-0.90802280653353
CRC,NME2,-1.95467504917905
CRC,NME2,-0.00693147180560055
CRC,NME2,-1.65662176153827
CRC,NME2,0.505997441808758
CRC,NME2,-1.82990855667826
CRC,NME2,-0.415888308335968
CRC,NME2,-0.87336544750553
CRC,NME2,1.05358371445112
CRC,NME2,1.38629436111989
CRC,NME2,1.38629436111989
CRC,NME2,1.49026643820388
CRC,NME2,1.88536033112305
CRC,NME2,1.62196440251027
CRC,NME2,-0.117835020695192
CRC,NME2,1.33777405848069
CRC,NME2,1.53185526903748
CRC,NME2,1.62196440251027
CRC,NME2,1.2407334532023
CRC,NME2,0.942680165561525
CRC,NME2,0.693147180559945
AA,NME2,1.00506341181192
AA,NME2,-0.318847703057575
AA,NME2,-1.22687050959111
AA,NME2,0.173286795139984
AA,NME2,-1.58730704348227
AA,NME2,-0.145560907917589
AA,NME2,-0.616900990698352
AA,NME2,-1.2961852276471
AA,NME2,-1.2961852276471
AA,NME2,2.5369186808494
AA,NME2,-2.00319535181824
AA,NME2,-0.0415888308335983
AA,NME2,-1.73979942320546
AA,NME2,-1.07437812986792
AA,NME2,-0.589175103475954
AA,NME2,-1.75366236681666
AA,NME2,-1.12982990431271
AA,NME2,-1.43481466375909
AA,NME2,-0.318847703057573
AA,NME2,-0.436682723752765
AA,NME2,1.17835020695191
AA,NME2,-0.852571032088733
AA,NME2,1.2684593404247
AA,NME2,0.734736011393543
AA,NME2,1.15062431972951
AA,NME2,1.3239111148695
AA,NME2,0.928817221950327
AA,NME2,0.519860385419959
Col_Neg,NME2,1.48333496639829
Col_Neg,NME2,0.547586272642359
Col_Neg,NME2,1.08824107347911
Col_Neg,NME2,1.50412938181508
Col_Neg,NME2,0.963474580978324
Col_Neg,NME2,0.776324842227139
Col_Neg,NME2,0.554517744447957
Col_Neg,NME2,1.41402024834229
Col_Neg,NME2,1.74673089501106
Col_Neg,NME2,0.332710646668777
Col_Neg,NME2,1.05358371445112
Col_Neg,NME2,0.686215708754347
Col_Neg,NME2,0.707010124171144
Col_Neg,NME2,1.92001769015105
Col_Neg,NME2,0.637695406115146
Col_Neg,NME2,0.623832462503952
Col_Neg,NME2,0.159423851528788
Col_Neg,NME2,-0.214875625973582
CON,NME2,0.457477139169562
CON,NME2,-0.318847703057575
CON,NME2,0.540654800836758
CON,NME2,1.17835020695191
CON,NME2,0.894159862922329
CON,NME2,0.748598955004742
CON,NME2,0.949611637367126
CON,NME2,0.395093892919169
CON,NME2,1.38629436111989
CON,NME2,1.85070297209505
CON,NME2,1.53878674084308
CON,NME2,0.554517744447954
CON,NME2,0.679284236948749
CON,NME2,-0.22180709777918
CON,NME2,0.797119257643936
CON,NME2,0.651558349726347
CON,NME2,0.554517744447957
CON,NME2,0.443614195558363
CON,NME2,0.804050729449534
CON,NME2,1.09517254528471
CON,NME2,0.838708088477534
CON,NME2,0.935748693755925
CON,NME2,0.63076393430955
CON,NME2,-0.422819780141569
CON,NME2,1.68434764876067
CON,NME2,0.935748693755925
CON,NME2,0.679284236948744
CON,NME2,0.37429947750237
CON,NME2,-0.374299477502372
CON,NME2,1.97546946459584
CON,NME2,0.505997441808758
CON,NME2,0.700078652365543
CON,NME2,1.78831972584466
CON,NME2,0.568380688059158
CON,NME2,1.42095172014789
CRC,COL11A1,40
CRC,COL11A1,40
CRC,COL11A1,40
CRC,COL11A1,40
CRC,COL11A1,40
CRC,COL11A1,40
CRC,COL11A1,40
CRC,COL11A1,40
CRC,COL11A1,40
CRC,COL11A1,40
CRC,COL11A1,40
CRC,COL11A1,40
CRC,COL11A1,40
CRC,COL11A1,40
CRC,COL11A1,40
CRC,COL11A1,40
CRC,COL11A1,40
CRC,COL11A1,40
CRC,COL11A1,40
CRC,COL11A1,40
CRC,COL11A1,40
CRC,COL11A1,-0.786722049935537
CRC,COL11A1,40
CRC,COL11A1,0.786722049935537
CRC,COL11A1,40
CRC,COL11A1,40
CRC,COL11A1,40
CRC,COL11A1,40
CRC,COL11A1,40
CRC,COL11A1,40
CRC,COL11A1,40
CRC,COL11A1,40
CRC,COL11A1,40
AA,COL11A1,40
AA,COL11A1,40
AA,COL11A1,40
AA,COL11A1,40
AA,COL11A1,40
AA,COL11A1,40
AA,COL11A1,40
AA,COL11A1,40
AA,COL11A1,40
AA,COL11A1,40
AA,COL11A1,40
AA,COL11A1,40
AA,COL11A1,40
AA,COL11A1,40
AA,COL11A1,40
AA,COL11A1,40
AA,COL11A1,40
AA,COL11A1,40
AA,COL11A1,40
AA,COL11A1,40
AA,COL11A1,40
AA,COL11A1,40
AA,COL11A1,40
AA,COL11A1,40
AA,COL11A1,40
AA,COL11A1,40
AA,COL11A1,40
AA,COL11A1,40
Col_Neg,COL11A1,40
Col_Neg,COL11A1,40
Col_Neg,COL11A1,40
Col_Neg,COL11A1,40
Col_Neg,COL11A1,40
Col_Neg,COL11A1,40
Col_Neg,COL11A1,40
Col_Neg,COL11A1,40
Col_Neg,COL11A1,40
Col_Neg,COL11A1,40
Col_Neg,COL11A1,40
Col_Neg,COL11A1,40
Col_Neg,COL11A1,40
Col_Neg,COL11A1,40
Col_Neg,COL11A1,40
Col_Neg,COL11A1,40
Col_Neg,COL11A1,40
Col_Neg,COL11A1,40
CON,COL11A1,40
CON,COL11A1,40
CON,COL11A1,40
CON,COL11A1,40
CON,COL11A1,40
CON,COL11A1,40
CON,COL11A1,40
CON,COL11A1,40
CON,COL11A1,40
CON,COL11A1,40
CON,COL11A1,40
CON,COL11A1,40
CON,COL11A1,40
CON,COL11A1,40
CON,COL11A1,40
CON,COL11A1,40
CON,COL11A1,40
CON,COL11A1,40
CON,COL11A1,40
CON,COL11A1,40
CON,COL11A1,40
CON,COL11A1,40
CON,COL11A1,40
CON,COL11A1,40
CON,COL11A1,40
CON,COL11A1,40
CON,COL11A1,40
CON,COL11A1,40
CON,COL11A1,40
CON,COL11A1,40
CON,COL11A1,40
CON,COL11A1,40
CON,COL11A1,40
CON,COL11A1,40
CON,COL11A1,40
CRC,TRIB3,0.339642118474373
CRC,TRIB3,0.103972077083994
CRC,TRIB3,40
CRC,TRIB3,1.40708877653669
CRC,TRIB3,1.73979942320546
CRC,TRIB3,40
CRC,TRIB3,1.3239111148695
CRC,TRIB3,40
CRC,TRIB3,0.381230949307969
CRC,TRIB3,40
CRC,TRIB3,-0.0485203026391927
CRC,TRIB3,-0.298053287640773
CRC,TRIB3,40
CRC,TRIB3,-0.00693147180559932
CRC,TRIB3,1.39322583292549
CRC,TRIB3,40
CRC,TRIB3,1.44867760737029
CRC,TRIB3,-0.318847703057574
CRC,TRIB3,0.505997441808759
CRC,TRIB3,0.00693147180559931
CRC,TRIB3,-0.166355323334387
CRC,TRIB3,-0.686215708754346
CRC,TRIB3,0.734736011393542
CRC,TRIB3,0.783256314032739
CRC,TRIB3,-1.69821059237186
CRC,TRIB3,-1.3100481712583
CRC,TRIB3,-1.35856847389749
CRC,TRIB3,-1.2684593404247
CRC,TRIB3,-0.214875625973586
CRC,TRIB3,0.790187785838337
CRC,TRIB3,40
CRC,TRIB3,-0.367368005696771
CRC,TRIB3,-1.03972077083992
AA,TRIB3,0.332710646668773
AA,TRIB3,40
AA,TRIB3,0.89415986292233
AA,TRIB3,1.01199488361752
AA,TRIB3,-0.852571032088734
AA,TRIB3,1.47640349459269
AA,TRIB3,-0.734736011393542
AA,TRIB3,40
AA,TRIB3,-1.07437812986792
AA,TRIB3,3.27165469224294
AA,TRIB3,40
AA,TRIB3,40
AA,TRIB3,40
AA,TRIB3,40
AA,TRIB3,0.804050729449535
AA,TRIB3,-0.138629436111987
AA,TRIB3,0.838708088477536
AA,TRIB3,40
AA,TRIB3,-0.0762461898615899
AA,TRIB3,0.901091334727931
AA,TRIB3,-1.85070297209505
AA,TRIB3,40
AA,TRIB3,40
AA,TRIB3,-0.284190344029579
AA,TRIB3,1.62196440251027
AA,TRIB3,0.651558349726348
AA,TRIB3,-1.85070297209505
AA,TRIB3,-0.339642118474373
Col_Neg,TRIB3,0.228738569584784
Col_Neg,TRIB3,-1.31004817125829
Col_Neg,TRIB3,-0.325779174863175
Col_Neg,TRIB3,40
Col_Neg,TRIB3,0.0831776616671929
Col_Neg,TRIB3,40
Col_Neg,TRIB3,40
Col_Neg,TRIB3,40
Col_Neg,TRIB3,-0.360436533891173
Col_Neg,TRIB3,-0.589175103475953
Col_Neg,TRIB3,0.0138629436112024
Col_Neg,TRIB3,-0.596106575281551
Col_Neg,TRIB3,-1.53878674084308
Col_Neg,TRIB3,40
Col_Neg,TRIB3,0.0346573590279965
Col_Neg,TRIB3,-0.0207944154167954
Col_Neg,TRIB3,-1.2615278686191
Col_Neg,TRIB3,-1.37243141750869
CON,TRIB3,-1.2892537558415
CON,TRIB3,-1.17141873514631
CON,TRIB3,0.339642118474376
CON,TRIB3,0.124766492500789
CON,TRIB3,-0.291121815835177
CON,TRIB3,-0.977337524589519
CON,TRIB3,-0.284190344029576
CON,TRIB3,-0.561449216253556
CON,TRIB3,0.311916231251976
CON,TRIB3,0.838708088477533
CON,TRIB3,-1.43481466375909
CON,TRIB3,-0.73473601139354
CON,TRIB3,-0.86643397569993
CON,TRIB3,40
CON,TRIB3,2.86962932751818
CON,TRIB3,40
CON,TRIB3,1.51106085362068
CON,TRIB3,0.485203026391962
CON,TRIB3,-0.436682723752766
CON,TRIB3,40
CON,TRIB3,-0.901091334727926
CON,TRIB3,-1.71900500778866
CON,TRIB3,-0.110903548889593
CON,TRIB3,40
CON,TRIB3,-0.478271554586362
CON,TRIB3,0.110903548889592
CON,TRIB3,-0.47827155458636
CON,TRIB3,-0.561449216253556
CON,TRIB3,40
CON,TRIB3,1.03278929903432
CON,TRIB3,-0.367368005696771
CON,TRIB3,-0.76246189861594
CON,TRIB3,-0.547586272642355
CON,TRIB3,-1.13676137611831
CON,TRIB3,0.0831776616671929
CRC,SIM2,-0.277258872223977
CRC,SIM2,-0.852571032088731
CRC,SIM2,2.98053287640777
CRC,SIM2,40
CRC,SIM2,3.23699733321495
CRC,SIM2,-0.783256314032735
CRC,SIM2,1.37936288931429
CRC,SIM2,40
CRC,SIM2,-0.894159862922329
CRC,SIM2,0.374299477502372
CRC,SIM2,-0.429751251947164
CRC,SIM2,40
CRC,SIM2,40
CRC,SIM2,-0.00693147180560055
CRC,SIM2,0.720873067782345
CRC,SIM2,40
CRC,SIM2,0.700078652365546
CRC,SIM2,40
CRC,SIM2,-3.66674858516211
CRC,SIM2,40
CRC,SIM2,1.49719791000948
CRC,SIM2,-1.10903548889591
CRC,SIM2,0.422819780141569
CRC,SIM2,0.727804539587941
CRC,SIM2,40
CRC,SIM2,40
CRC,SIM2,40
CRC,SIM2,40
CRC,SIM2,0
CRC,SIM2,-0.0346573590279953
CRC,SIM2,40
CRC,SIM2,40
CRC,SIM2,40
AA,SIM2,40
AA,SIM2,40
AA,SIM2,40
AA,SIM2,1.57344409987108
AA,SIM2,40
AA,SIM2,40
AA,SIM2,-0.298053287640774
AA,SIM2,40
AA,SIM2,40
AA,SIM2,40
AA,SIM2,40
AA,SIM2,40
AA,SIM2,40
AA,SIM2,40
AA,SIM2,0.831776616671934
AA,SIM2,40
AA,SIM2,40
AA,SIM2,40
AA,SIM2,0.526791857225562
AA,SIM2,0.263395928612781
AA,SIM2,0.700078652365546
AA,SIM2,40
AA,SIM2,40
AA,SIM2,40
AA,SIM2,40
AA,SIM2,40
AA,SIM2,40
AA,SIM2,-0.963474580978324
Col_Neg,SIM2,40
Col_Neg,SIM2,40
Col_Neg,SIM2,40
Col_Neg,SIM2,40
Col_Neg,SIM2,40
Col_Neg,SIM2,40
Col_Neg,SIM2,0.81098220125514
Col_Neg,SIM2,40
Col_Neg,SIM2,2.23193392140303
Col_Neg,SIM2,1.89922327473425
Col_Neg,SIM2,40
Col_Neg,SIM2,40
Col_Neg,SIM2,40
Col_Neg,SIM2,40
Col_Neg,SIM2,40
Col_Neg,SIM2,40
Col_Neg,SIM2,40
Col_Neg,SIM2,0.693147180559945
CON,SIM2,40
CON,SIM2,40
CON,SIM2,40
CON,SIM2,40
CON,SIM2,40
CON,SIM2,40
CON,SIM2,40
CON,SIM2,2.15568773154143
CON,SIM2,40
CON,SIM2,40
CON,SIM2,0.596106575281553
CON,SIM2,40
CON,SIM2,40
CON,SIM2,40
CON,SIM2,40
CON,SIM2,40
CON,SIM2,40
CON,SIM2,40
CON,SIM2,40
CON,SIM2,40
CON,SIM2,40
CON,SIM2,40
CON,SIM2,-0.325779174863176
CON,SIM2,40
CON,SIM2,40
CON,SIM2,40
CON,SIM2,40
CON,SIM2,40
CON,SIM2,40
CON,SIM2,2.20420803418063
CON,SIM2,0.637695406115148
CON,SIM2,1.49026643820388
CON,SIM2,40
CON,SIM2,1.73979942320547
CON,SIM2,40
CRC,MMP3,0.582243631670354
CRC,MMP3,40
CRC,MMP3,40
CRC,MMP3,0.38123094930797
CRC,MMP3,40
CRC,MMP3,40
CRC,MMP3,0.561449216253555
CRC,MMP3,40
CRC,MMP3,40
CRC,MMP3,40
CRC,MMP3,-1.14369284792391
CRC,MMP3,40
CRC,MMP3,-0.0901091334727946
CRC,MMP3,40
CRC,MMP3,-0.291121815835178
CRC,MMP3,40
CRC,MMP3,-1.46254055098148
CRC,MMP3,40
CRC,MMP3,1.2060760941743
CRC,MMP3,40
CRC,MMP3,40
CRC,MMP3,0.0762461898615936
CRC,MMP3,0.395093892919169
CRC,MMP3,0.859502503894331
CRC,MMP3,40
CRC,MMP3,40
CRC,MMP3,40
CRC,MMP3,40
CRC,MMP3,40
CRC,MMP3,-0.637695406115151
CRC,MMP3,40
CRC,MMP3,-1.17835020695191
CRC,MMP3,-0.0762461898615936
AA,MMP3,40
AA,MMP3,40
AA,MMP3,40
AA,MMP3,40
AA,MMP3,40
AA,MMP3,40
AA,MMP3,40
AA,MMP3,40
AA,MMP3,40
AA,MMP3,40
AA,MMP3,40
AA,MMP3,40
AA,MMP3,40
AA,MMP3,40
AA,MMP3,40
AA,MMP3,40
AA,MMP3,40
AA,MMP3,40
AA,MMP3,40
AA,MMP3,40
AA,MMP3,40
AA,MMP3,40
AA,MMP3,40
AA,MMP3,40
AA,MMP3,40
AA,MMP3,40
AA,MMP3,40
AA,MMP3,40
Col_Neg,MMP3,40
Col_Neg,MMP3,40
Col_Neg,MMP3,40
Col_Neg,MMP3,40
Col_Neg,MMP3,40
Col_Neg,MMP3,40
Col_Neg,MMP3,40
Col_Neg,MMP3,40
Col_Neg,MMP3,40
Col_Neg,MMP3,40
Col_Neg,MMP3,40
Col_Neg,MMP3,40
Col_Neg,MMP3,40
Col_Neg,MMP3,40
Col_Neg,MMP3,40
Col_Neg,MMP3,40
Col_Neg,MMP3,40
Col_Neg,MMP3,40
CON,MMP3,40
CON,MMP3,40
CON,MMP3,-4.67181199697403
CON,MMP3,40
CON,MMP3,40
CON,MMP3,40
CON,MMP3,40
CON,MMP3,40
CON,MMP3,40
CON,MMP3,40
CON,MMP3,40
CON,MMP3,40
CON,MMP3,40
CON,MMP3,40
CON,MMP3,40
CON,MMP3,40
CON,MMP3,40
CON,MMP3,40
CON,MMP3,40
CON,MMP3,40
CON,MMP3,40
CON,MMP3,40
CON,MMP3,40
CON,MMP3,40
CON,MMP3,40
CON,MMP3,40
CON,MMP3,40
CON,MMP3,40
CON,MMP3,40
CON,MMP3,40
CON,MMP3,40
CON,MMP3,40
CON,MMP3,40
CON,MMP3,40
CON,MMP3,40
CRC,MMP1,0.845639560283132
CRC,MMP1,0
CRC,MMP1,40
CRC,MMP1,0.478271554586363
CRC,MMP1,-0.790187785838336
CRC,MMP1,-3.41721560016053
CRC,MMP1,0.720873067782345
CRC,MMP1,-1.89229180292865
CRC,MMP1,-1.55958115625988
CRC,MMP1,0.436682723752767
CRC,MMP1,-0.914954278339126
CRC,MMP1,-0.173286795139986
CRC,MMP1,0
CRC,MMP1,-1.13676137611831
CRC,MMP1,0.235670041390384
CRC,MMP1,-1.09517254528471
CRC,MMP1,0.0207944154167967
CRC,MMP1,-0.928817221950329
CRC,MMP1,0.852571032088731
CRC,MMP1,-1.40708877653669
CRC,MMP1,0.12476649250079
CRC,MMP1,0.519860385419959
CRC,MMP1,0.859502503894331
CRC,MMP1,1.2684593404247
CRC,MMP1,-2.10023595709664
CRC,MMP1,-1.98240093640144
CRC,MMP1,40
CRC,MMP1,-1.2199390377855
CRC,MMP1,-0.478271554586363
CRC,MMP1,0.436682723752765
CRC,MMP1,40
CRC,MMP1,1.12982990431271
CRC,MMP1,0.124766492500792
AA,MMP1,-3.43107854377173
AA,MMP1,40
AA,MMP1,-1.46947202278708
AA,MMP1,-0.693147180559948
AA,MMP1,0.145560907917589
AA,MMP1,-2.41215218834861
AA,MMP1,-1.97546946459585
AA,MMP1,-1.45560907917588
AA,MMP1,-2.87656079932377
AA,MMP1,40
AA,MMP1,-1.89229180292865
AA,MMP1,40
AA,MMP1,-0.658489821531948
AA,MMP1,-0.776324842227139
AA,MMP1,-1.37243141750869
AA,MMP1,-2.10716742890224
AA,MMP1,40
AA,MMP1,-2.82110902487898
AA,MMP1,-1.19914462236871
AA,MMP1,-2.00319535181824
AA,MMP1,40
AA,MMP1,40
AA,MMP1,-0.831776616671934
AA,MMP1,40
AA,MMP1,0.367368005696769
AA,MMP1,1.06051518625672
AA,MMP1,0.90802280653353
AA,MMP1,-0.589175103475954
Col_Neg,MMP1,40
Col_Neg,MMP1,40
Col_Neg,MMP1,-3.8123094930797
Col_Neg,MMP1,40
Col_Neg,MMP1,40
Col_Neg,MMP1,-0.970406052783925
Col_Neg,MMP1,0.582243631670356
Col_Neg,MMP1,-1.19914462236871
Col_Neg,MMP1,-0.942680165561525
Col_Neg,MMP1,-1.62889587431587
Col_Neg,MMP1,-0.942680165561525
Col_Neg,MMP1,-0.845639560283133
Col_Neg,MMP1,40
Col_Neg,MMP1,-0.284190344029578
Col_Neg,MMP1,-0.298053287640776
Col_Neg,MMP1,-1.80218266945586
Col_Neg,MMP1,-1.45560907917588
Col_Neg,MMP1,-1.94774357737345
CON,MMP1,-0.221807097779183
CON,MMP1,-1.48333496639829
CON,MMP1,-2.01705829542944
CON,MMP1,-1.52492379723188
CON,MMP1,-0.755530426810338
CON,MMP1,-3.56277650807812
CON,MMP1,-2.01012682362384
CON,MMP1,-0.984268996395123
CON,MMP1,40
CON,MMP1,40
CON,MMP1,-1.66355323334387
CON,MMP1,40
CON,MMP1,-1.97546946459585
CON,MMP1,40
CON,MMP1,-1.37936288931429
CON,MMP1,-0.194081210556786
CON,MMP1,40
CON,MMP1,0.422819780141564
CON,MMP1,-1.39322583292549
CON,MMP1,-2.25272833681982
CON,MMP1,40
CON,MMP1,-1.88536033112305
CON,MMP1,-0.194081210556786
CON,MMP1,-2.37056335751501
CON,MMP1,40
CON,MMP1,40
CON,MMP1,-0.0831776616671916
CON,MMP1,-2.34283747029262
CON,MMP1,40
CON,MMP1,-0.720873067782345
CON,MMP1,-1.20607609417431
CON,MMP1,0.78325631403274
CON,MMP1,40
CON,MMP1,-0.25646445680718
CON,MMP1,0.0554517744447945
CRC,CXCL8,2.39828924473741
CRC,CXCL8,0.360436533891174
CRC,CXCL8,-1.98240093640144
CRC,CXCL8,1.17141873514631
CRC,CXCL8,2.88349227112937
CRC,CXCL8,-2.85576638390697
CRC,CXCL8,0.894159862922331
CRC,CXCL8,-0.0901091334727922
CRC,CXCL8,-2.66168517335019
CRC,CXCL8,1.11596696070151
CRC,CXCL8,-0.298053287640774
CRC,CXCL8,-0.609969518892751
CRC,CXCL8,0.901091334727929
CRC,CXCL8,0.457477139169564
CRC,CXCL8,0
CRC,CXCL8,-0.589175103475952
CRC,CXCL8,0.110903548889591
CRC,CXCL8,0.0901091334727946
CRC,CXCL8,-0.408956836530368
CRC,CXCL8,-2.88349227112937
CRC,CXCL8,-0.402025364724767
CRC,CXCL8,2.4814669064046
CRC,CXCL8,1.77445678223346
CRC,CXCL8,2.5230557372382
CRC,CXCL8,-0.866433975699932
CRC,CXCL8,-0.291121815835178
CRC,CXCL8,-1.68434764876067
CRC,CXCL8,-0.776324842227139
CRC,CXCL8,0.194081210556786
CRC,CXCL8,2.94587551737977
CRC,CXCL8,-0.797119257643936
CRC,CXCL8,2.37056335751501
CRC,CXCL8,-0.415888308335966
AA,CXCL8,1.53185526903748
AA,CXCL8,-0.450545667363964
AA,CXCL8,-3.17461408696455
AA,CXCL8,-1.94774357737345
AA,CXCL8,1.60116998709347
AA,CXCL8,-3.92321304196929
AA,CXCL8,-2.81417755307338
AA,CXCL8,-4.15888308335967
AA,CXCL8,-4.22126632961007
AA,CXCL8,0.970406052783922
AA,CXCL8,-4.90748203836441
AA,CXCL8,-4.18660897058207
AA,CXCL8,-0.38123094930797
AA,CXCL8,0.242601513195982
AA,CXCL8,-3.09836789710296
AA,CXCL8,-3.34096941029894
AA,CXCL8,-4.93520792558681
AA,CXCL8,-3.91628157016369
AA,CXCL8,-3.63209122613411
AA,CXCL8,-3.32710646668774
AA,CXCL8,-3.90241862655249
AA,CXCL8,-2.4606724909878
AA,CXCL8,-2.95973846099097
AA,CXCL8,-2.5230557372382
AA,CXCL8,0.935748693755927
AA,CXCL8,-1.3239111148695
AA,CXCL8,-1.44174613556469
AA,CXCL8,-0.471340082780763
Col_Neg,CXCL8,-1.92694916195665
Col_Neg,CXCL8,-3.38255824113253
Col_Neg,CXCL8,-3.25086027682614
Col_Neg,CXCL8,-1.44174613556469
Col_Neg,CXCL8,-3.35483235391014
Col_Neg,CXCL8,-2.80724608126778
Col_Neg,CXCL8,-2.89735521474057
Col_Neg,CXCL8,-0.173286795139986
Col_Neg,CXCL8,-3.7360633032181
Col_Neg,CXCL8,-4.45000489919485
Col_Neg,CXCL8,-2.4953298500158
Col_Neg,CXCL8,-2.39135777293181
Col_Neg,CXCL8,-2.30124863945902
Col_Neg,CXCL8,-1.01892635542312
Col_Neg,CXCL8,-2.06557859806864
Col_Neg,CXCL8,0.623832462503952
Col_Neg,CXCL8,-1.2545963968135
Col_Neg,CXCL8,-2.15568773154143
CON,CXCL8,0.984268996395123
CON,CXCL8,-2.43987807557101
CON,CXCL8,-2.05864712626304
CON,CXCL8,-0.804050729449537
CON,CXCL8,-3.29938057946534
CON,CXCL8,-0.166355323334386
CON,CXCL8,-2.32204305487582
CON,CXCL8,-2.28738569584782
CON,CXCL8,-3.99945923183089
CON,CXCL8,-4.95600234100361
CON,CXCL8,-2.63395928612779
CON,CXCL8,-4.29751251947166
CON,CXCL8,-2.36363188570941
CON,CXCL8,-2.578507511683
CON,CXCL8,-0.769393370421539
CON,CXCL8,-3.07064200988055
CON,CXCL8,-3.16768261515895
CON,CXCL8,-0.117835020695192
CON,CXCL8,-2.88349227112937
CON,CXCL8,-4.69953788419642
CON,CXCL8,-4.51238814544524
CON,CXCL8,-1.80911414126146
CON,CXCL8,1.05358371445112
CON,CXCL8,-2.72406841960058
CON,CXCL8,-3.92321304196929
CON,CXCL8,-0.727804539587941
CON,CXCL8,-3.42414707196613
CON,CXCL8,-1.79525119765026
CON,CXCL8,-4.08263689349808
CON,CXCL8,2.73793136321178
CON,CXCL8,-2.77258872223978
CON,CXCL8,-5.46199978281237
CON,CXCL8,-3.98559628821968
CON,CXCL8,2.44249065417534e-15
CON,CXCL8,-2.07251006987424
CRC,REG1A,-1.53185526903748
CRC,REG1A,-2.4883983782102
CRC,REG1A,1.85070297209506
CRC,REG1A,1.09517254528471
CRC,REG1A,0.249532985001582
CRC,REG1A,-1.93388063376224
CRC,REG1A,-2.97360140460216
CRC,REG1A,0.797119257643936
CRC,REG1A,-0.110903548889591
CRC,REG1A,-1.09517254528471
CRC,REG1A,0.540654800836758
CRC,REG1A,0.00693147180560063
CRC,REG1A,1.52492379723188
CRC,REG1A,-0.110903548889591
CRC,REG1A,-1.2407334532023
CRC,REG1A,2.72406841960058
CRC,REG1A,0.173286795139986
CRC,REG1A,0.443614195558365
CRC,REG1A,0.37429947750237
CRC,REG1A,-0.436682723752762
CRC,REG1A,1.2823222840359
CRC,REG1A,-0.665421293337546
CRC,REG1A,0.242601513195982
CRC,REG1A,-0.575312159864756
CRC,REG1A,40
CRC,REG1A,0.00693147180559798
CRC,REG1A,0
CRC,REG1A,0.492134498197562
CRC,REG1A,-2.01705829542944
CRC,REG1A,-0.388162421113568
CRC,REG1A,40
CRC,REG1A,-0.402025364724767
CRC,REG1A,-2.09330448529103
AA,REG1A,-0.790187785838338
AA,REG1A,-2.32897452668142
AA,REG1A,-0.658489821531945
AA,REG1A,-2.02398976723504
AA,REG1A,-0.311916231251972
AA,REG1A,-2.03785271084624
AA,REG1A,-2.474535434599
AA,REG1A,-1.33084258667509
AA,REG1A,-2.5646445680718
AA,REG1A,-0.512928913614361
AA,REG1A,-1.44867760737029
AA,REG1A,40
AA,REG1A,-1.06051518625671
AA,REG1A,-0.110903548889591
AA,REG1A,-0.928817221950324
AA,REG1A,-2.16955067515263
AA,REG1A,40
AA,REG1A,-0.201012682362384
AA,REG1A,-2.21113950598622
AA,REG1A,-0.201012682362381
AA,REG1A,0.166355323334388
AA,REG1A,40
AA,REG1A,2.5577130962662
AA,REG1A,1.76752531042786
AA,REG1A,40
AA,REG1A,1.41402024834229
AA,REG1A,2.45374101918221
AA,REG1A,-1.41402024834229
Col_Neg,REG1A,-0.783256314032738
Col_Neg,REG1A,0.415888308335971
Col_Neg,REG1A,-0.859502503894331
Col_Neg,REG1A,1.42788319195349
Col_Neg,REG1A,-0.24953298500158
Col_Neg,REG1A,-0.429751251947167
Col_Neg,REG1A,2.88349227112938
Col_Neg,REG1A,-0.173286795139984
Col_Neg,REG1A,1.53185526903748
Col_Neg,REG1A,0.298053287640776
Col_Neg,REG1A,1.36549994570309
Col_Neg,REG1A,-0.505997441808758
Col_Neg,REG1A,-0.38123094930797
Col_Neg,REG1A,-0.554517744447952
Col_Neg,REG1A,2.89735521474057
Col_Neg,REG1A,0.492134498197564
Col_Neg,REG1A,1.49026643820388
Col_Neg,REG1A,-1.37243141750869
CON,REG1A,40
CON,REG1A,-0.110903548889591
CON,REG1A,1.60116998709348
CON,REG1A,-1.05358371445112
CON,REG1A,0.0970406052783927
CON,REG1A,-1.50412938181508
CON,REG1A,1.02585782722872
CON,REG1A,0.415888308335968
CON,REG1A,40
CON,REG1A,-0.22180709777918
CON,REG1A,0.346573590279975
CON,REG1A,-1.58730704348227
CON,REG1A,0.790187785838338
CON,REG1A,1.43481466375909
CON,REG1A,-2.08637301348543
CON,REG1A,1.55264968445428
CON,REG1A,0.304984759446377
CON,REG1A,0.783256314032738
CON,REG1A,0.727804539587945
CON,REG1A,-0.138629436111989
CON,REG1A,-0.824845144866333
CON,REG1A,0.339642118474377
CON,REG1A,0.741667483199142
CON,REG1A,-1.15062431972951
CON,REG1A,40
CON,REG1A,0.103972077083993
CON,REG1A,1.78138825403906
CON,REG1A,-1.94774357737345
CON,REG1A,40
CON,REG1A,-0.395093892919167
CON,REG1A,0.131697964306388
CON,REG1A,0.596106575281553
CON,REG1A,0.318847703057575
CON,REG1A,1.19914462236871
CON,REG1A,2.23886539320863
CRC,KRT80,-2.87656079932377
CRC,KRT80,-2.66861664515579
CRC,KRT80,4.21433485780447
CRC,KRT80,0.138629436111992
CRC,KRT80,1.70514206417747
CRC,KRT80,-0.949611637367122
CRC,KRT80,-1.55264968445427
CRC,KRT80,40
CRC,KRT80,-0.0207944154167979
CRC,KRT80,-1.64275881792707
CRC,KRT80,-1.40708877653669
CRC,KRT80,-2.39135777293181
CRC,KRT80,0.311916231251976
CRC,KRT80,-0.0762461898615948
CRC,KRT80,0.582243631670355
CRC,KRT80,0.658489821531951
CRC,KRT80,0.381230949307972
CRC,KRT80,-0.332710646668773
CRC,KRT80,0.339642118474373
CRC,KRT80,0.207944154167985
CRC,KRT80,2.5161242654326
CRC,KRT80,-0.949611637367125
CRC,KRT80,2.31511158307022
CRC,KRT80,1.2476649250079
CRC,KRT80,-0.935748693755926
CRC,KRT80,1.04665224264552
CRC,KRT80,-0.353505062085572
CRC,KRT80,3.00825876363016
CRC,KRT80,-0.499065970003158
CRC,KRT80,0.402025364724768
CRC,KRT80,0.020794415416798
CRC,KRT80,-1.1852816787575
CRC,KRT80,-1.14369284792391
AA,KRT80,2.46067249098781
AA,KRT80,0.665421293337552
AA,KRT80,1.21993903778551
AA,KRT80,1.37936288931429
AA,KRT80,0.963474580978323
AA,KRT80,-0.45054566736396
AA,KRT80,-0.242601513195978
AA,KRT80,0.89415986292233
AA,KRT80,-1.05358371445112
AA,KRT80,2.89042374293497
AA,KRT80,-0.201012682362382
AA,KRT80,40
AA,KRT80,-1.71900500778867
AA,KRT80,-1.2823222840359
AA,KRT80,1.51799232542628
AA,KRT80,-0.651558349726346
AA,KRT80,-0.32577917486317
AA,KRT80,0.609969518892752
AA,KRT80,0.221807097779184
AA,KRT80,-0.145560907917588
AA,KRT80,2.28738569584782
AA,KRT80,2.6547537015446
AA,KRT80,3.99252776002528
AA,KRT80,1.93388063376225
AA,KRT80,2.71713694779499
AA,KRT80,1.69821059237187
AA,KRT80,0.173286795139988
AA,KRT80,0.0207944154168004
Col_Neg,KRT80,0.00693147180560416
Col_Neg,KRT80,0.103972077083997
Col_Neg,KRT80,0.963474580978326
Col_Neg,KRT80,3.41721560016053
Col_Neg,KRT80,2.647822229739
Col_Neg,KRT80,1.2892537558415
Col_Neg,KRT80,1.94774357737345
Col_Neg,KRT80,1.67048470514947
Col_Neg,KRT80,3.25086027682615
Col_Neg,KRT80,3.13995672793656
Col_Neg,KRT80,2.5161242654326
Col_Neg,KRT80,0.533723329031159
Col_Neg,KRT80,0.485203026391965
Col_Neg,KRT80,1.67048470514947
Col_Neg,KRT80,1.2753908122303
Col_Neg,KRT80,3.23006586140935
Col_Neg,KRT80,2.36363188570942
Col_Neg,KRT80,1.92001769015105
CON,KRT80,40
CON,KRT80,-0.0831776616671904
CON,KRT80,40
CON,KRT80,-0.131697964306387
CON,KRT80,2.6270278143222
CON,KRT80,0.395093892919173
CON,KRT80,1.52492379723188
CON,KRT80,2.89042374293497
CON,KRT80,3.93707598558049
CON,KRT80,2.68941106057259
CON,KRT80,1.77445678223346
CON,KRT80,0.651558349726348
CON,KRT80,1.82297708487266
CON,KRT80,1.47640349459269
CON,KRT80,1.35856847389749
CON,KRT80,-0.98426899639512
CON,KRT80,40
CON,KRT80,0.956543109172727
CON,KRT80,0.429751251947168
CON,KRT80,1.20607609417431
CON,KRT80,0.762461898615945
CON,KRT80,1.89229180292865
CON,KRT80,1.86456591570626
CON,KRT80,40
CON,KRT80,-1.09517254528471
CON,KRT80,1.34470553028629
CON,KRT80,1.47640349459268
CON,KRT80,-0.180218266945586
CON,KRT80,-1.12289843250711
CON,KRT80,0.39509389291917
CON,KRT80,2.75872577862858
CON,KRT80,2.50226132182141
CON,KRT80,0.471340082780766
CON,KRT80,3.59050239530052
CON,KRT80,1.54571821264868
CRC,CEL,3.32710646668774
CRC,CEL,0.540654800836757
CRC,CEL,5.20553532600519
CRC,CEL,2.09330448529104
CRC,CEL,0.61690099069835
CRC,CEL,-0.138629436111987
CRC,CEL,0.547586272642357
CRC,CEL,-0.00693147180560178
CRC,CEL,1.53878674084308
CRC,CEL,0.194081210556787
CRC,CEL,0.00693147180560173
CRC,CEL,-2.4883983782102
CRC,CEL,0.658489821531946
CRC,CEL,-0.0485203026391952
CRC,CEL,-1.18528167875751
CRC,CEL,40
CRC,CEL,-1.14369284792391
CRC,CEL,40
CRC,CEL,-0.838708088477533
CRC,CEL,40
CRC,CEL,1.2684593404247
CRC,CEL,-0.831776616671935
CRC,CEL,-1.15062431972951
CRC,CEL,-0.27032740041838
CRC,CEL,40
CRC,CEL,40
CRC,CEL,40
CRC,CEL,40
CRC,CEL,40
CRC,CEL,1.85763444390065
CRC,CEL,40
CRC,CEL,-0.519860385419958
CRC,CEL,-1.90615474653985
AA,CEL,-1.72593647959426
AA,CEL,40
AA,CEL,-0.367368005696771
AA,CEL,0.99120046820072
AA,CEL,0.512928913614357
AA,CEL,-0.298053287640775
AA,CEL,0.824845144866335
AA,CEL,0.76246189861594
AA,CEL,0.914954278339129
AA,CEL,1.41402024834229
AA,CEL,-1.67741617695507
AA,CEL,40
AA,CEL,40
AA,CEL,40
AA,CEL,0.686215708754344
AA,CEL,-1.47640349459268
AA,CEL,-0.145560907917588
AA,CEL,-0.374299477502369
AA,CEL,1.69127912056627
AA,CEL,40
AA,CEL,-0.221807097779181
AA,CEL,40
AA,CEL,40
AA,CEL,40
AA,CEL,0.187149738751186
AA,CEL,1.47640349459268
AA,CEL,40
AA,CEL,1.31697964306389
Col_Neg,CEL,40
Col_Neg,CEL,0.214875625973583
Col_Neg,CEL,-0.651558349726348
Col_Neg,CEL,40
Col_Neg,CEL,3.75685771863491
Col_Neg,CEL,0.519860385419958
Col_Neg,CEL,3.94400745738609
Col_Neg,CEL,40
Col_Neg,CEL,0.332710646668773
Col_Neg,CEL,-0.201012682362382
Col_Neg,CEL,40
Col_Neg,CEL,40
Col_Neg,CEL,0.603038047087154
Col_Neg,CEL,40
Col_Neg,CEL,0.880296919311129
Col_Neg,CEL,40
Col_Neg,CEL,-0.582243631670353
Col_Neg,CEL,-1.11596696070151
CON,CEL,40
CON,CEL,1.29618522764709
CON,CEL,1.62196440251027
CON,CEL,3.49346179002212
CON,CEL,-0.651558349726346
CON,CEL,-1.44174613556468
CON,CEL,2.82804049668458
CON,CEL,0.880296919311129
CON,CEL,40
CON,CEL,40
CON,CEL,-1.2199390377855
CON,CEL,-0.526791857225558
CON,CEL,1.07437812986791
CON,CEL,40
CON,CEL,40
CON,CEL,40
CON,CEL,40
CON,CEL,-0.48520302639196
CON,CEL,40
CON,CEL,40
CON,CEL,40
CON,CEL,0.103972077083994
CON,CEL,1.2753908122303
CON,CEL,2.543850152655
CON,CEL,40
CON,CEL,40
CON,CEL,40
CON,CEL,-2.37056335751501
CON,CEL,1.48333496639828
CON,CEL,0.180218266945588
CON,CEL,0.51986038541996
CON,CEL,40
CON,CEL,40
CON,CEL,40
CON,CEL,40
CRC,COMP,0.065848982153194
CRC,COMP,40
CRC,COMP,40
CRC,COMP,40
CRC,COMP,40
CRC,COMP,40
CRC,COMP,-0.065848982153194
CRC,COMP,40
CRC,COMP,40
CRC,COMP,40
CRC,COMP,0.502531705905961
CRC,COMP,40
CRC,COMP,40
CRC,COMP,40
CRC,COMP,1.20261035827151
CRC,COMP,40
CRC,COMP,40
CRC,COMP,40
CRC,COMP,-1.19567888646591
CRC,COMP,40
CRC,COMP,40
CRC,COMP,0.36390226979397
CRC,COMP,40
CRC,COMP,-0.39855962882197
CRC,COMP,40
CRC,COMP,40
CRC,COMP,40
CRC,COMP,40
CRC,COMP,40
CRC,COMP,-0.655024085629148
CRC,COMP,40
CRC,COMP,40
CRC,COMP,40
AA,COMP,40
AA,COMP,40
AA,COMP,40
AA,COMP,0.682749972851546
AA,COMP,40
AA,COMP,40
AA,COMP,40
AA,COMP,40
AA,COMP,0.363902269793968
AA,COMP,40
AA,COMP,40
AA,COMP,40
AA,COMP,40
AA,COMP,40
AA,COMP,40
AA,COMP,40
AA,COMP,2.33244026258421
AA,COMP,40
AA,COMP,40
AA,COMP,40
AA,COMP,40
AA,COMP,40
AA,COMP,40
AA,COMP,40
AA,COMP,40
AA,COMP,40
AA,COMP,40
AA,COMP,40
Col_Neg,COMP,40
Col_Neg,COMP,40
Col_Neg,COMP,40
Col_Neg,COMP,40
Col_Neg,COMP,40
Col_Neg,COMP,40
Col_Neg,COMP,40
Col_Neg,COMP,40
Col_Neg,COMP,40
Col_Neg,COMP,40
Col_Neg,COMP,40
Col_Neg,COMP,40
Col_Neg,COMP,2.32550879077862
Col_Neg,COMP,40
Col_Neg,COMP,40
Col_Neg,COMP,40
Col_Neg,COMP,40
Col_Neg,COMP,40
CON,COMP,40
CON,COMP,40
CON,COMP,40
CON,COMP,40
CON,COMP,40
CON,COMP,1.65315602563547
CON,COMP,40
CON,COMP,40
CON,COMP,40
CON,COMP,40
CON,COMP,40
CON,COMP,40
CON,COMP,40
CON,COMP,40
CON,COMP,40
CON,COMP,40
CON,COMP,40
CON,COMP,40
CON,COMP,40
CON,COMP,40
CON,COMP,40
CON,COMP,40
CON,COMP,40
CON,COMP,40
CON,COMP,40
CON,COMP,40
CON,COMP,40
CON,COMP,40
CON,COMP,40
CON,COMP,40
CON,COMP,40
CON,COMP,40
CON,COMP,40
CON,COMP,40
CON,COMP,40
CRC,DPEP1,0.776324842227137
CRC,DPEP1,40
CRC,DPEP1,40
CRC,DPEP1,1.2753908122303
CRC,DPEP1,40
CRC,DPEP1,-2.01012682362384
CRC,DPEP1,1.55264968445428
CRC,DPEP1,40
CRC,DPEP1,40
CRC,DPEP1,40
CRC,DPEP1,0
CRC,DPEP1,40
CRC,DPEP1,-0.124766492500792
CRC,DPEP1,-0.928817221950327
CRC,DPEP1,-0.346573590279975
CRC,DPEP1,1.35163700209189
CRC,DPEP1,1.09517254528471
CRC,DPEP1,-1.2684593404247
CRC,DPEP1,0.810982201255132
CRC,DPEP1,40
CRC,DPEP1,40
CRC,DPEP1,-6.49478908184669
CRC,DPEP1,40
CRC,DPEP1,40
CRC,DPEP1,40
CRC,DPEP1,40
CRC,DPEP1,40
CRC,DPEP1,40
CRC,DPEP1,40
CRC,DPEP1,40
CRC,DPEP1,40
CRC,DPEP1,40
CRC,DPEP1,40
AA,DPEP1,40
AA,DPEP1,40
AA,DPEP1,40
AA,DPEP1,0.34657359027997
AA,DPEP1,40
AA,DPEP1,40
AA,DPEP1,40
AA,DPEP1,40
AA,DPEP1,40
AA,DPEP1,40
AA,DPEP1,-0.769393370421544
AA,DPEP1,40
AA,DPEP1,40
AA,DPEP1,40
AA,DPEP1,40
AA,DPEP1,-0.339642118474375
AA,DPEP1,40
AA,DPEP1,40
AA,DPEP1,2.25965980862542
AA,DPEP1,40
AA,DPEP1,40
AA,DPEP1,40
AA,DPEP1,40
AA,DPEP1,40
AA,DPEP1,40
AA,DPEP1,40
AA,DPEP1,-3.20233997418695
AA,DPEP1,40
Col_Neg,DPEP1,40
Col_Neg,DPEP1,40
Col_Neg,DPEP1,40
Col_Neg,DPEP1,40
Col_Neg,DPEP1,40
Col_Neg,DPEP1,40
Col_Neg,DPEP1,40
Col_Neg,DPEP1,40
Col_Neg,DPEP1,40
Col_Neg,DPEP1,40
Col_Neg,DPEP1,40
Col_Neg,DPEP1,40
Col_Neg,DPEP1,40
Col_Neg,DPEP1,40
Col_Neg,DPEP1,40
Col_Neg,DPEP1,40
Col_Neg,DPEP1,40
Col_Neg,DPEP1,40
CON,DPEP1,40
CON,DPEP1,40
CON,DPEP1,40
CON,DPEP1,40
CON,DPEP1,40
CON,DPEP1,40
CON,DPEP1,40
CON,DPEP1,40
CON,DPEP1,40
CON,DPEP1,40
CON,DPEP1,40
CON,DPEP1,40
CON,DPEP1,40
CON,DPEP1,40
CON,DPEP1,40
CON,DPEP1,40
CON,DPEP1,40
CON,DPEP1,40
CON,DPEP1,40
CON,DPEP1,40
CON,DPEP1,40
CON,DPEP1,40
CON,DPEP1,40
CON,DPEP1,40
CON,DPEP1,40
CON,DPEP1,40
CON,DPEP1,40
CON,DPEP1,40
CON,DPEP1,40
CON,DPEP1,40
CON,DPEP1,40
CON,DPEP1,40
CON,DPEP1,40
CON,DPEP1,40
CON,DPEP1,40
CRC,CPNE7,0.939214429658725
CRC,CPNE7,1.2649936045219
CRC,CPNE7,2.47800117050181
CRC,CPNE7,3.8296381725937
CRC,CPNE7,2.5681103039746
CRC,CPNE7,40
CRC,CPNE7,3.10876510481136
CRC,CPNE7,40
CRC,CPNE7,-0.731270275490743
CRC,CPNE7,0.0311916231252
CRC,CPNE7,-1.20261035827151
CRC,CPNE7,40
CRC,CPNE7,40
CRC,CPNE7,0.301519023543574
CRC,CPNE7,2.15222199563863
CRC,CPNE7,-1.00852914771472
CRC,CPNE7,1.13329564021551
CRC,CPNE7,-2.5403844167522
CRC,CPNE7,-0.0311916231251999
CRC,CPNE7,-1.69474485646907
CRC,CPNE7,0.239135777293182
CRC,CPNE7,-3.09490216120015
CRC,CPNE7,-1.2996509635499
CRC,CPNE7,0.856036767991531
CRC,CPNE7,40
CRC,CPNE7,40
CRC,CPNE7,40
CRC,CPNE7,40
CRC,CPNE7,-1.79178546174746
CRC,CPNE7,-1.40362304063389
CRC,CPNE7,40
CRC,CPNE7,-1.62543013841307
CRC,CPNE7,-2.526521473141
AA,CPNE7,40
AA,CPNE7,40
AA,CPNE7,40
AA,CPNE7,1.2927194917443
AA,CPNE7,-1.50759511771788
AA,CPNE7,40
AA,CPNE7,-0.509463177711558
AA,CPNE7,40
AA,CPNE7,-1.53532100494028
AA,CPNE7,40
AA,CPNE7,-2.74139709911458
AA,CPNE7,40
AA,CPNE7,40
AA,CPNE7,40
AA,CPNE7,-0.211409890070782
AA,CPNE7,40
AA,CPNE7,40
AA,CPNE7,40
AA,CPNE7,0.564914952156357
AA,CPNE7,40
AA,CPNE7,40
AA,CPNE7,40
AA,CPNE7,40
AA,CPNE7,40
AA,CPNE7,40
AA,CPNE7,40
AA,CPNE7,40
AA,CPNE7,-1.07784386577072
Col_Neg,CPNE7,40
Col_Neg,CPNE7,40
Col_Neg,CPNE7,40
Col_Neg,CPNE7,40
Col_Neg,CPNE7,40
Col_Neg,CPNE7,40
Col_Neg,CPNE7,40
Col_Neg,CPNE7,40
Col_Neg,CPNE7,40
Col_Neg,CPNE7,40
Col_Neg,CPNE7,40
Col_Neg,CPNE7,40
Col_Neg,CPNE7,40
Col_Neg,CPNE7,40
Col_Neg,CPNE7,40
Col_Neg,CPNE7,40
Col_Neg,CPNE7,40
Col_Neg,CPNE7,40
CON,CPNE7,40
CON,CPNE7,40
CON,CPNE7,40
CON,CPNE7,40
CON,CPNE7,40
CON,CPNE7,40
CON,CPNE7,40
CON,CPNE7,40
CON,CPNE7,40
CON,CPNE7,40
CON,CPNE7,-1.63929308202427
CON,CPNE7,40
CON,CPNE7,40
CON,CPNE7,40
CON,CPNE7,40
CON,CPNE7,40
CON,CPNE7,40
CON,CPNE7,40
CON,CPNE7,40
CON,CPNE7,40
CON,CPNE7,40
CON,CPNE7,40
CON,CPNE7,-1.71553927188586
CON,CPNE7,40
CON,CPNE7,40
CON,CPNE7,40
CON,CPNE7,40
CON,CPNE7,40
CON,CPNE7,40
CON,CPNE7,2.45720675508501
CON,CPNE7,40
CON,CPNE7,40
CON,CPNE7,40
CON,CPNE7,40
CON,CPNE7,40
